Employee_ID,1차 이동 직무,2차 이동 직무,3차 이동 직무,4차 이동 직무
E0001,Sales Rep,Account Manager,Sales Lead,
E0002,Sales Rep,Account Manager,,
E0003,Marketing Assistant,Marketing Executive,Sales Rep,
E0004,Finance Analyst,Senior Analyst,Finance Manager,CFO
E0005,Operations Assistant,Operations Coordinator,,
E0006,HR Assistant,HR Specialist,HRBP,HR Analyst
E0007,Operations Assistant,Operations Coordinator,Operations Manager,COO
E0008,Finance Analyst,Senior Analyst,Finance Manager,CFO
E0009,Sales Rep,Account Manager,Sales Lead,
E0010,Finance Analyst,Senior Analyst,Finance Manager,CFO
E0011,HR Assistant,HR Specialist,,
E0012,Marketing Assistant,Marketing Executive,Growth Hacker,
E0013,IT Support,Software Engineer,Senior Engineer,
E0014,HR Assistant,HR Specialist,HRBP,HR Analyst
E0015,Finance Analyst,Senior Analyst,Finance Manager,CFO
E0016,HR Assistant,HR Specialist,HRBP,HR Analyst
E0017,Sales Rep,Account Manager,Sales Lead,Sales Director
E0018,Finance Analyst,Senior Analyst,Finance Manager,Sales Rep
E0019,Operations Assistant,Operations Coordinator,Operations Manager,COO
E0020,Sales Rep,Account Manager,Sales Lead,Finance Analyst
E0021,Marketing Assistant,Marketing Executive,Finance Analyst,Senior Analyst
E0022,Sales Rep,Account Manager,Sales Lead,
E0023,Marketing Assistant,Marketing Executive,Growth Hacker,
E0024,Finance Analyst,Senior Analyst,Finance Manager,
E0025,IT Support,Software Engineer,Sales Rep,
E0026,Finance Analyst,Senior Analyst,Finance Manager,IT Support
E0027,Sales Rep,Account Manager,Sales Lead,Sales Director
E0028,IT Support,Software Engineer,Senior Engineer,
E0029,Finance Analyst,Senior Analyst,,
E0030,Sales Rep,Account Manager,Sales Lead,Sales Director
E0031,Finance Analyst,Senior Analyst,,
E0032,Finance Analyst,Senior Analyst,IT Support,
E0033,Finance Analyst,Senior Analyst,Finance Manager,
E0034,Operations Assistant,Operations Coordinator,Operations Manager,COO
E0035,Marketing Assistant,Marketing Executive,Growth Hacker,
E0036,HR Assistant,HR Specialist,,
E0037,Finance Analyst,Senior Analyst,Finance Manager,CFO
E0038,Finance Analyst,Senior Analyst,,
E0039,IT Support,Software Engineer,Marketing Assistant,
E0040,Finance Analyst,Senior Analyst,Finance Manager,CFO
E0041,Operations Assistant,Operations Coordinator,Operations Manager,
E0042,Sales Rep,Account Manager,Sales Lead,Sales Director
E0043,IT Support,Software Engineer,,
E0044,IT Support,Software Engineer,Senior Engineer,
E0045,Finance Analyst,Senior Analyst,,
E0046,Marketing Assistant,Marketing Executive,,
E0047,Sales Rep,Account Manager,Sales Lead,
E0048,Sales Rep,Account Manager,Marketing Assistant,
E0049,Sales Rep,Account Manager,,
E0050,Marketing Assistant,Marketing Executive,,
E0051,Marketing Assistant,Marketing Executive,,
E0052,Operations Assistant,Operations Coordinator,Operations Manager,
E0053,Sales Rep,Account Manager,Sales Lead,
E0054,Marketing Assistant,Marketing Executive,Growth Hacker,
E0055,Finance Analyst,Senior Analyst,,
E0056,Finance Analyst,Senior Analyst,,
E0057,IT Support,Software Engineer,,
E0058,Sales Rep,Account Manager,Sales Lead,Sales Director
E0059,Marketing Assistant,Marketing Executive,,
E0060,HR Assistant,HR Specialist,,
E0061,IT Support,Software Engineer,Senior Engineer,CTO
E0062,Operations Assistant,Operations Coordinator,,
E0063,Finance Analyst,Senior Analyst,Finance Manager,CFO
E0064,Sales Rep,Account Manager,Sales Lead,
E0065,Finance Analyst,Senior Analyst,Sales Rep,Account Manager
E0066,Marketing Assistant,Marketing Executive,,
E0067,IT Support,Software Engineer,Senior Engineer,CTO
E0068,Marketing Assistant,Marketing Executive,,
E0069,Sales Rep,Account Manager,Sales Lead,Sales Director
E0070,Sales Rep,Account Manager,Finance Analyst,
E0071,HR Assistant,HR Specialist,HRBP,HR Analyst
E0072,IT Support,Software Engineer,Senior Engineer,CTO
E0073,Finance Analyst,Senior Analyst,Finance Manager,
E0074,IT Support,Software Engineer,Operations Assistant,
E0075,HR Assistant,HR Specialist,HRBP,HR Analyst
E0076,HR Assistant,HR Specialist,HRBP,
E0077,Operations Assistant,Operations Coordinator,Operations Manager,
E0078,IT Support,Software Engineer,Senior Engineer,
E0079,Finance Analyst,Senior Analyst,Finance Manager,CFO
E0080,Operations Assistant,Operations Coordinator,Operations Manager,
E0081,Finance Analyst,Senior Analyst,Finance Manager,CFO
E0082,Operations Assistant,Operations Coordinator,Operations Manager,COO
E0083,Finance Analyst,Senior Analyst,Finance Manager,CFO
E0084,Finance Analyst,Senior Analyst,Finance Manager,
E0085,Operations Assistant,Operations Coordinator,Operations Manager,HR Assistant
E0086,Marketing Assistant,Marketing Executive,IT Support,
E0087,Operations Assistant,Operations Coordinator,Operations Manager,COO
E0088,Sales Rep,Account Manager,,
E0089,HR Assistant,HR Specialist,,
E0090,IT Support,Software Engineer,,
E0091,HR Assistant,HR Specialist,HRBP,HR Analyst
E0092,Operations Assistant,Operations Coordinator,Operations Manager,
E0093,IT Support,Software Engineer,HR Assistant,HR Specialist
E0094,IT Support,Software Engineer,,
E0095,HR Assistant,HR Specialist,HRBP,
E0096,Sales Rep,Account Manager,,
E0097,Sales Rep,Account Manager,Sales Lead,
E0098,Sales Rep,Account Manager,,
E0099,Marketing Assistant,Marketing Executive,Growth Hacker,Marketing Manager
E0100,Finance Analyst,Senior Analyst,,
E0101,HR Assistant,HR Specialist,HRBP,Sales Rep
E0102,HR Assistant,HR Specialist,HRBP,Marketing Assistant
E0103,Operations Assistant,Operations Coordinator,,
E0104,HR Assistant,HR Specialist,HRBP,
E0105,Marketing Assistant,Marketing Executive,Growth Hacker,
E0106,Sales Rep,Account Manager,Sales Lead,Sales Director
E0107,Sales Rep,Account Manager,IT Support,
E0108,Finance Analyst,Senior Analyst,Finance Manager,
E0109,Operations Assistant,Operations Coordinator,Operations Manager,COO
E0110,Operations Assistant,Operations Coordinator,Operations Manager,HR Assistant
E0111,Sales Rep,Account Manager,Sales Lead,Sales Director
E0112,Sales Rep,Account Manager,HR Assistant,HR Specialist
E0113,HR Assistant,HR Specialist,HRBP,
E0114,Operations Assistant,Operations Coordinator,Operations Manager,COO
E0115,HR Assistant,HR Specialist,Sales Rep,
E0116,Sales Rep,Account Manager,,
E0117,Sales Rep,Account Manager,Sales Lead,
E0118,Operations Assistant,Operations Coordinator,Operations Manager,Marketing Assistant
E0119,Finance Analyst,Senior Analyst,Finance Manager,
E0120,IT Support,Software Engineer,,
E0121,IT Support,Software Engineer,Senior Engineer,
E0122,Finance Analyst,Senior Analyst,Finance Manager,
E0123,Finance Analyst,Senior Analyst,Finance Manager,CFO
E0124,HR Assistant,HR Specialist,HRBP,HR Analyst
E0125,Marketing Assistant,Marketing Executive,Growth Hacker,
E0126,Marketing Assistant,Marketing Executive,,
E0127,Sales Rep,Account Manager,Sales Lead,Sales Director
E0128,Marketing Assistant,Marketing Executive,Growth Hacker,Marketing Manager
E0129,Sales Rep,Account Manager,Sales Lead,Sales Director
E0130,Sales Rep,Account Manager,Sales Lead,HR Assistant
E0131,HR Assistant,HR Specialist,HRBP,IT Support
E0132,Finance Analyst,Senior Analyst,HR Assistant,HR Specialist
E0133,Finance Analyst,Senior Analyst,Finance Manager,CFO
E0134,Marketing Assistant,Marketing Executive,Growth Hacker,
E0135,Operations Assistant,Operations Coordinator,Marketing Assistant,Marketing Executive
E0136,Marketing Assistant,Marketing Executive,Growth Hacker,
E0137,Marketing Assistant,Marketing Executive,Growth Hacker,
E0138,HR Assistant,HR Specialist,HRBP,HR Analyst
E0139,Marketing Assistant,Marketing Executive,Growth Hacker,Finance Analyst
E0140,Marketing Assistant,Marketing Executive,Growth Hacker,Marketing Manager
E0141,HR Assistant,HR Specialist,,
E0142,HR Assistant,HR Specialist,HRBP,
E0143,IT Support,Software Engineer,Senior Engineer,Marketing Assistant
E0144,HR Assistant,HR Specialist,IT Support,Software Engineer
E0145,HR Assistant,HR Specialist,HRBP,
E0146,IT Support,Software Engineer,Senior Engineer,CTO
E0147,Operations Assistant,Operations Coordinator,Operations Manager,
E0148,IT Support,Software Engineer,,
E0149,IT Support,Software Engineer,Senior Engineer,Marketing Assistant
E0150,Finance Analyst,Senior Analyst,,
E0151,Operations Assistant,Operations Coordinator,Operations Manager,
E0152,IT Support,Software Engineer,Senior Engineer,
E0153,Marketing Assistant,Marketing Executive,Growth Hacker,Marketing Manager
E0154,Sales Rep,Account Manager,,
E0155,Sales Rep,Account Manager,Sales Lead,Sales Director
E0156,Marketing Assistant,Marketing Executive,Growth Hacker,
E0157,Marketing Assistant,Marketing Executive,Operations Assistant,Operations Coordinator
E0158,Finance Analyst,Senior Analyst,Finance Manager,CFO
E0159,HR Assistant,HR Specialist,IT Support,
E0160,Finance Analyst,Senior Analyst,,
E0161,IT Support,Software Engineer,Senior Engineer,CTO
E0162,IT Support,Software Engineer,Senior Engineer,
E0163,Operations Assistant,Operations Coordinator,,
E0164,Finance Analyst,Senior Analyst,Finance Manager,
E0165,Sales Rep,Account Manager,,
E0166,Sales Rep,Account Manager,Sales Lead,Sales Director
E0167,IT Support,Software Engineer,,
E0168,IT Support,Software Engineer,Senior Engineer,CTO
E0169,HR Assistant,HR Specialist,HRBP,Finance Analyst
E0170,Marketing Assistant,Marketing Executive,,
E0171,Operations Assistant,Operations Coordinator,,
E0172,IT Support,Software Engineer,Senior Engineer,CTO
E0173,HR Assistant,HR Specialist,HRBP,HR Analyst
E0174,Finance Analyst,Senior Analyst,Finance Manager,CFO
E0175,HR Assistant,HR Specialist,Sales Rep,Account Manager
E0176,Sales Rep,Account Manager,Sales Lead,
E0177,Sales Rep,Account Manager,Sales Lead,IT Support
E0178,Marketing Assistant,Marketing Executive,IT Support,Software Engineer
E0179,IT Support,Software Engineer,Senior Engineer,CTO
E0180,HR Assistant,HR Specialist,HRBP,
E0181,Operations Assistant,Operations Coordinator,Operations Manager,
E0182,IT Support,Software Engineer,Senior Engineer,CTO
E0183,Operations Assistant,Operations Coordinator,Operations Manager,Marketing Assistant
E0184,HR Assistant,HR Specialist,HRBP,HR Analyst
E0185,IT Support,Software Engineer,Senior Engineer,CTO
E0186,HR Assistant,HR Specialist,HRBP,HR Analyst
E0187,IT Support,Software Engineer,Senior Engineer,
E0188,Sales Rep,Account Manager,Sales Lead,
E0189,Marketing Assistant,Marketing Executive,Growth Hacker,Marketing Manager
E0190,Finance Analyst,Senior Analyst,Finance Manager,
E0191,Finance Analyst,Senior Analyst,Finance Manager,CFO
E0192,Sales Rep,Account Manager,Sales Lead,Sales Director
E0193,IT Support,Software Engineer,,
E0194,Marketing Assistant,Marketing Executive,Sales Rep,
E0195,Operations Assistant,Operations Coordinator,Operations Manager,
E0196,Marketing Assistant,Marketing Executive,,
E0197,IT Support,Software Engineer,Senior Engineer,CTO
E0198,IT Support,Software Engineer,,
E0199,IT Support,Software Engineer,Senior Engineer,
E0200,IT Support,Software Engineer,Senior Engineer,Sales Rep
E0201,HR Assistant,HR Specialist,HRBP,Operations Assistant
E0202,Sales Rep,Account Manager,,
E0203,Operations Assistant,Operations Coordinator,Operations Manager,
E0204,Sales Rep,Account Manager,,
E0205,Finance Analyst,Senior Analyst,,
E0206,IT Support,Software Engineer,Senior Engineer,
E0207,Sales Rep,Account Manager,,
E0208,Operations Assistant,Operations Coordinator,,
E0209,Sales Rep,Account Manager,Sales Lead,
E0210,Finance Analyst,Senior Analyst,Finance Manager,
E0211,HR Assistant,HR Specialist,HRBP,IT Support
E0212,Sales Rep,Account Manager,Marketing Assistant,Marketing Executive
E0213,Sales Rep,Account Manager,Sales Lead,
E0214,Sales Rep,Account Manager,Finance Analyst,Senior Analyst
E0215,HR Assistant,HR Specialist,HRBP,
E0216,Marketing Assistant,Marketing Executive,HR Assistant,
E0217,Finance Analyst,Senior Analyst,Finance Manager,CFO
E0218,IT Support,Software Engineer,Operations Assistant,Operations Coordinator
E0219,Finance Analyst,Senior Analyst,,
E0220,IT Support,Software Engineer,Senior Engineer,
E0221,Marketing Assistant,Marketing Executive,Growth Hacker,Marketing Manager
E0222,Sales Rep,Account Manager,Sales Lead,Sales Director
E0223,IT Support,Software Engineer,Senior Engineer,
E0224,Finance Analyst,Senior Analyst,,
E0225,Sales Rep,Account Manager,Finance Analyst,
E0226,Operations Assistant,Operations Coordinator,,
E0227,Finance Analyst,Senior Analyst,,
E0228,Operations Assistant,Operations Coordinator,,
E0229,Operations Assistant,Operations Coordinator,Operations Manager,
E0230,Marketing Assistant,Marketing Executive,,
E0231,HR Assistant,HR Specialist,HRBP,HR Analyst
E0232,HR Assistant,HR Specialist,,
E0233,Sales Rep,Account Manager,Sales Lead,
E0234,Marketing Assistant,Marketing Executive,Growth Hacker,
E0235,Finance Analyst,Senior Analyst,,
E0236,Operations Assistant,Operations Coordinator,,
E0237,Operations Assistant,Operations Coordinator,,
E0238,IT Support,Software Engineer,Senior Engineer,CTO
E0239,Finance Analyst,Senior Analyst,Finance Manager,
E0240,HR Assistant,HR Specialist,HRBP,HR Analyst
E0241,HR Assistant,HR Specialist,HRBP,Finance Analyst
E0242,Finance Analyst,Senior Analyst,Finance Manager,CFO
E0243,IT Support,Software Engineer,Senior Engineer,CTO
E0244,IT Support,Software Engineer,Senior Engineer,CTO
E0245,Finance Analyst,Senior Analyst,,
E0246,Finance Analyst,Senior Analyst,Finance Manager,CFO
E0247,IT Support,Software Engineer,HR Assistant,
E0248,Marketing Assistant,Marketing Executive,Growth Hacker,Marketing Manager
E0249,HR Assistant,HR Specialist,HRBP,HR Analyst
E0250,Operations Assistant,Operations Coordinator,,
E0251,Operations Assistant,Operations Coordinator,,
E0252,IT Support,Software Engineer,Senior Engineer,
E0253,HR Assistant,HR Specialist,,
E0254,IT Support,Software Engineer,Senior Engineer,
E0255,IT Support,Software Engineer,Senior Engineer,
E0256,HR Assistant,HR Specialist,IT Support,
E0257,IT Support,Software Engineer,Senior Engineer,
E0258,Marketing Assistant,Marketing Executive,Growth Hacker,
E0259,HR Assistant,HR Specialist,HRBP,
E0260,Finance Analyst,Senior Analyst,,
E0261,Sales Rep,Account Manager,Sales Lead,
E0262,Operations Assistant,Operations Coordinator,Operations Manager,
E0263,Operations Assistant,Operations Coordinator,HR Assistant,
E0264,HR Assistant,HR Specialist,HRBP,
E0265,Sales Rep,Account Manager,Sales Lead,Sales Director
E0266,Finance Analyst,Senior Analyst,Finance Manager,CFO
E0267,IT Support,Software Engineer,Senior Engineer,CTO
E0268,Operations Assistant,Operations Coordinator,Operations Manager,COO
E0269,Finance Analyst,Senior Analyst,Finance Manager,
E0270,HR Assistant,HR Specialist,HRBP,
E0271,HR Assistant,HR Specialist,HRBP,
E0272,HR Assistant,HR Specialist,HRBP,HR Analyst
E0273,Marketing Assistant,Marketing Executive,Growth Hacker,Marketing Manager
E0274,Marketing Assistant,Marketing Executive,,
E0275,Operations Assistant,Operations Coordinator,Operations Manager,
E0276,Operations Assistant,Operations Coordinator,Operations Manager,COO
E0277,Sales Rep,Account Manager,Sales Lead,Sales Director
E0278,Sales Rep,Account Manager,Sales Lead,
E0279,Operations Assistant,Operations Coordinator,Operations Manager,Marketing Assistant
E0280,HR Assistant,HR Specialist,HRBP,HR Analyst
E0281,Marketing Assistant,Marketing Executive,Growth Hacker,
E0282,Finance Analyst,Senior Analyst,,
E0283,IT Support,Software Engineer,,
E0284,IT Support,Software Engineer,,
E0285,Marketing Assistant,Marketing Executive,Growth Hacker,Marketing Manager
E0286,Finance Analyst,Senior Analyst,,
E0287,Marketing Assistant,Marketing Executive,Growth Hacker,Sales Rep
E0288,IT Support,Software Engineer,,
E0289,Operations Assistant,Operations Coordinator,Operations Manager,COO
E0290,Sales Rep,Account Manager,Sales Lead,Operations Assistant
E0291,HR Assistant,HR Specialist,HRBP,HR Analyst
E0292,Operations Assistant,Operations Coordinator,Operations Manager,
E0293,Marketing Assistant,Marketing Executive,,
E0294,Sales Rep,Account Manager,Sales Lead,
E0295,HR Assistant,HR Specialist,,
E0296,IT Support,Software Engineer,Senior Engineer,CTO
E0297,Marketing Assistant,Marketing Executive,Growth Hacker,
E0298,IT Support,Software Engineer,Senior Engineer,CTO
E0299,HR Assistant,HR Specialist,HRBP,HR Analyst
E0300,IT Support,Software Engineer,Senior Engineer,
E0301,IT Support,Software Engineer,Senior Engineer,CTO
E0302,Operations Assistant,Operations Coordinator,Finance Analyst,Senior Analyst
E0303,Finance Analyst,Senior Analyst,Finance Manager,CFO
E0304,Sales Rep,Account Manager,Finance Analyst,
E0305,HR Assistant,HR Specialist,HRBP,IT Support
E0306,HR Assistant,HR Specialist,HRBP,Operations Assistant
E0307,Sales Rep,Account Manager,Sales Lead,
E0308,Marketing Assistant,Marketing Executive,,
E0309,HR Assistant,HR Specialist,HRBP,HR Analyst
E0310,Marketing Assistant,Marketing Executive,Growth Hacker,
E0311,Sales Rep,Account Manager,Sales Lead,Sales Director
E0312,Finance Analyst,Senior Analyst,Finance Manager,CFO
E0313,Operations Assistant,Operations Coordinator,Marketing Assistant,Marketing Executive
E0314,Marketing Assistant,Marketing Executive,Growth Hacker,
E0315,Marketing Assistant,Marketing Executive,Growth Hacker,Marketing Manager
E0316,IT Support,Software Engineer,Senior Engineer,
E0317,IT Support,Software Engineer,Senior Engineer,
E0318,Finance Analyst,Senior Analyst,Finance Manager,
E0319,Operations Assistant,Operations Coordinator,Operations Manager,COO
E0320,Operations Assistant,Operations Coordinator,Operations Manager,COO
E0321,Operations Assistant,Operations Coordinator,Operations Manager,COO
E0322,Operations Assistant,Operations Coordinator,Marketing Assistant,Marketing Executive
E0323,Operations Assistant,Operations Coordinator,Operations Manager,
E0324,Finance Analyst,Senior Analyst,Finance Manager,CFO
E0325,Finance Analyst,Senior Analyst,Finance Manager,CFO
E0326,Operations Assistant,Operations Coordinator,Operations Manager,
E0327,IT Support,Software Engineer,Senior Engineer,CTO
E0328,Marketing Assistant,Marketing Executive,Growth Hacker,Marketing Manager
E0329,Operations Assistant,Operations Coordinator,Operations Manager,COO
E0330,Marketing Assistant,Marketing Executive,Growth Hacker,
E0331,Sales Rep,Account Manager,,
E0332,HR Assistant,HR Specialist,HRBP,Finance Analyst
E0333,IT Support,Software Engineer,,
E0334,Operations Assistant,Operations Coordinator,Operations Manager,HR Assistant
E0335,Finance Analyst,Senior Analyst,Finance Manager,CFO
E0336,Sales Rep,Account Manager,,
E0337,Operations Assistant,Operations Coordinator,Operations Manager,COO
E0338,Finance Analyst,Senior Analyst,Finance Manager,CFO
E0339,Sales Rep,Account Manager,,
E0340,Operations Assistant,Operations Coordinator,Operations Manager,
E0341,HR Assistant,HR Specialist,HRBP,
E0342,Operations Assistant,Operations Coordinator,Operations Manager,
E0343,HR Assistant,HR Specialist,,
E0344,Finance Analyst,Senior Analyst,Finance Manager,CFO
E0345,Sales Rep,Account Manager,,
E0346,Operations Assistant,Operations Coordinator,Operations Manager,COO
E0347,Marketing Assistant,Marketing Executive,Growth Hacker,Marketing Manager
E0348,Finance Analyst,Senior Analyst,Finance Manager,CFO
E0349,IT Support,Software Engineer,Senior Engineer,HR Assistant
E0350,Finance Analyst,Senior Analyst,Finance Manager,CFO
E0351,Sales Rep,Account Manager,,
E0352,Marketing Assistant,Marketing Executive,Growth Hacker,Operations Assistant
E0353,HR Assistant,HR Specialist,HRBP,
E0354,Finance Analyst,Senior Analyst,Sales Rep,
E0355,Operations Assistant,Operations Coordinator,Operations Manager,COO
E0356,IT Support,Software Engineer,Senior Engineer,
E0357,Marketing Assistant,Marketing Executive,Growth Hacker,IT Support
E0358,Finance Analyst,Senior Analyst,Finance Manager,CFO
E0359,Marketing Assistant,Marketing Executive,,
E0360,Marketing Assistant,Marketing Executive,Growth Hacker,Finance Analyst
E0361,Operations Assistant,Operations Coordinator,Operations Manager,
E0362,IT Support,Software Engineer,,
E0363,Marketing Assistant,Marketing Executive,Growth Hacker,Marketing Manager
E0364,Marketing Assistant,Marketing Executive,Growth Hacker,Marketing Manager
E0365,Operations Assistant,Operations Coordinator,Operations Manager,
E0366,Operations Assistant,Operations Coordinator,Operations Manager,COO
E0367,Finance Analyst,Senior Analyst,,
E0368,IT Support,Software Engineer,Senior Engineer,
E0369,HR Assistant,HR Specialist,HRBP,Sales Rep
E0370,Marketing Assistant,Marketing Executive,Growth Hacker,
E0371,Marketing Assistant,Marketing Executive,Growth Hacker,
E0372,IT Support,Software Engineer,Senior Engineer,CTO
E0373,Marketing Assistant,Marketing Executive,,
E0374,Finance Analyst,Senior Analyst,Finance Manager,CFO
E0375,Operations Assistant,Operations Coordinator,Finance Analyst,Senior Analyst
E0376,HR Assistant,HR Specialist,,
E0377,Operations Assistant,Operations Coordinator,Operations Manager,COO
E0378,Operations Assistant,Operations Coordinator,,
E0379,Finance Analyst,Senior Analyst,,
E0380,IT Support,Software Engineer,HR Assistant,
E0381,IT Support,Software Engineer,Senior Engineer,CTO
E0382,Finance Analyst,Senior Analyst,Finance Manager,
E0383,Sales Rep,Account Manager,Sales Lead,Sales Director
E0384,IT Support,Software Engineer,,
E0385,HR Assistant,HR Specialist,HRBP,HR Analyst
E0386,Operations Assistant,Operations Coordinator,Operations Manager,COO
E0387,Operations Assistant,Operations Coordinator,Operations Manager,COO
E0388,HR Assistant,HR Specialist,HRBP,
E0389,HR Assistant,HR Specialist,HRBP,
E0390,IT Support,Software Engineer,Senior Engineer,CTO
E0391,Sales Rep,Account Manager,Sales Lead,
E0392,Operations Assistant,Operations Coordinator,,
E0393,Marketing Assistant,Marketing Executive,Sales Rep,Account Manager
E0394,Operations Assistant,Operations Coordinator,IT Support,
E0395,Marketing Assistant,Marketing Executive,Growth Hacker,Marketing Manager
E0396,HR Assistant,HR Specialist,,
E0397,Sales Rep,Account Manager,Sales Lead,Sales Director
E0398,HR Assistant,HR Specialist,HRBP,Sales Rep
E0399,Sales Rep,Account Manager,Sales Lead,Sales Director
E0400,Finance Analyst,Senior Analyst,Operations Assistant,Operations Coordinator
E0401,Finance Analyst,Senior Analyst,Operations Assistant,
E0402,Marketing Assistant,Marketing Executive,Growth Hacker,
E0403,HR Assistant,HR Specialist,HRBP,
E0404,IT Support,Software Engineer,Operations Assistant,Operations Coordinator
E0405,IT Support,Software Engineer,Senior Engineer,Finance Analyst
E0406,IT Support,Software Engineer,Senior Engineer,CTO
E0407,Finance Analyst,Senior Analyst,Finance Manager,
E0408,IT Support,Software Engineer,Senior Engineer,CTO
E0409,Operations Assistant,Operations Coordinator,Operations Manager,COO
E0410,Marketing Assistant,Marketing Executive,Growth Hacker,
E0411,Sales Rep,Account Manager,Finance Analyst,
E0412,Operations Assistant,Operations Coordinator,Operations Manager,COO
E0413,IT Support,Software Engineer,Senior Engineer,Sales Rep
E0414,Sales Rep,Account Manager,Sales Lead,
E0415,IT Support,Software Engineer,Senior Engineer,
E0416,Finance Analyst,Senior Analyst,Finance Manager,CFO
E0417,IT Support,Software Engineer,,
E0418,Finance Analyst,Senior Analyst,Finance Manager,
E0419,Operations Assistant,Operations Coordinator,,
E0420,HR Assistant,HR Specialist,HRBP,HR Analyst
E0421,Marketing Assistant,Marketing Executive,Growth Hacker,Marketing Manager
E0422,Marketing Assistant,Marketing Executive,,
E0423,Marketing Assistant,Marketing Executive,Growth Hacker,
E0424,Marketing Assistant,Marketing Executive,Growth Hacker,
E0425,Finance Analyst,Senior Analyst,Finance Manager,
E0426,Marketing Assistant,Marketing Executive,Growth Hacker,Marketing Manager
E0427,Finance Analyst,Senior Analyst,Finance Manager,
E0428,HR Assistant,HR Specialist,HRBP,
E0429,HR Assistant,HR Specialist,HRBP,HR Analyst
E0430,Marketing Assistant,Marketing Executive,Growth Hacker,Marketing Manager
E0431,Marketing Assistant,Marketing Executive,,
E0432,Finance Analyst,Senior Analyst,Finance Manager,CFO
E0433,Operations Assistant,Operations Coordinator,,
E0434,Sales Rep,Account Manager,Sales Lead,Marketing Assistant
E0435,HR Assistant,HR Specialist,HRBP,
E0436,HR Assistant,HR Specialist,HRBP,HR Analyst
E0437,IT Support,Software Engineer,Senior Engineer,
E0438,Sales Rep,Account Manager,IT Support,
E0439,Operations Assistant,Operations Coordinator,Operations Manager,COO
E0440,IT Support,Software Engineer,Senior Engineer,CTO
E0441,Marketing Assistant,Marketing Executive,Growth Hacker,Marketing Manager
E0442,Operations Assistant,Operations Coordinator,Operations Manager,
E0443,Operations Assistant,Operations Coordinator,,
E0444,Sales Rep,Account Manager,,
E0445,IT Support,Software Engineer,Senior Engineer,
E0446,Sales Rep,Account Manager,Sales Lead,Sales Director
E0447,Finance Analyst,Senior Analyst,Finance Manager,HR Assistant
E0448,Finance Analyst,Senior Analyst,Sales Rep,
E0449,Operations Assistant,Operations Coordinator,,
E0450,IT Support,Software Engineer,Senior Engineer,CTO
E0451,Operations Assistant,Operations Coordinator,Operations Manager,
E0452,Marketing Assistant,Marketing Executive,,
E0453,Sales Rep,Account Manager,Finance Analyst,
E0454,Finance Analyst,Senior Analyst,Finance Manager,CFO
E0455,Marketing Assistant,Marketing Executive,IT Support,
E0456,Marketing Assistant,Marketing Executive,Growth Hacker,
E0457,Marketing Assistant,Marketing Executive,Growth Hacker,Marketing Manager
E0458,Operations Assistant,Operations Coordinator,Operations Manager,COO
E0459,IT Support,Software Engineer,Operations Assistant,Operations Coordinator
E0460,Sales Rep,Account Manager,Marketing Assistant,
E0461,Marketing Assistant,Marketing Executive,,
E0462,Marketing Assistant,Marketing Executive,Growth Hacker,IT Support
E0463,Marketing Assistant,Marketing Executive,Growth Hacker,Marketing Manager
E0464,Sales Rep,Account Manager,Sales Lead,HR Assistant
E0465,Marketing Assistant,Marketing Executive,Growth Hacker,Marketing Manager
E0466,Finance Analyst,Senior Analyst,Finance Manager,CFO
E0467,Sales Rep,Account Manager,Sales Lead,Sales Director
E0468,Marketing Assistant,Marketing Executive,Growth Hacker,Marketing Manager
E0469,HR Assistant,HR Specialist,HRBP,
E0470,Marketing Assistant,Marketing Executive,Growth Hacker,Marketing Manager
E0471,Operations Assistant,Operations Coordinator,Operations Manager,COO
E0472,Sales Rep,Account Manager,Sales Lead,
E0473,Operations Assistant,Operations Coordinator,Operations Manager,COO
E0474,Sales Rep,Account Manager,Sales Lead,
E0475,Operations Assistant,Operations Coordinator,Operations Manager,COO
E0476,Sales Rep,Account Manager,Finance Analyst,
E0477,IT Support,Software Engineer,Senior Engineer,CTO
E0478,Sales Rep,Account Manager,Sales Lead,HR Assistant
E0479,Marketing Assistant,Marketing Executive,,
E0480,Finance Analyst,Senior Analyst,Finance Manager,CFO
E0481,Sales Rep,Account Manager,Sales Lead,Marketing Assistant
E0482,IT Support,Software Engineer,Senior Engineer,CTO
E0483,IT Support,Software Engineer,Senior Engineer,CTO
E0484,Operations Assistant,Operations Coordinator,Operations Manager,
E0485,Sales Rep,Account Manager,Sales Lead,Sales Director
E0486,Sales Rep,Account Manager,,
E0487,Marketing Assistant,Marketing Executive,Growth Hacker,IT Support
E0488,Operations Assistant,Operations Coordinator,Operations Manager,
E0489,Operations Assistant,Operations Coordinator,,
E0490,Sales Rep,Account Manager,Sales Lead,Sales Director
E0491,HR Assistant,HR Specialist,,
E0492,IT Support,Software Engineer,Senior Engineer,CTO
E0493,Operations Assistant,Operations Coordinator,Operations Manager,COO
E0494,Sales Rep,Account Manager,Sales Lead,Sales Director
E0495,HR Assistant,HR Specialist,,
E0496,Marketing Assistant,Marketing Executive,Growth Hacker,IT Support
E0497,IT Support,Software Engineer,,
E0498,Operations Assistant,Operations Coordinator,Operations Manager,
E0499,Sales Rep,Account Manager,Sales Lead,Sales Director
E0500,IT Support,Software Engineer,Senior Engineer,CTO
E0501,HR Assistant,HR Specialist,,
E0502,Sales Rep,Account Manager,Operations Assistant,Operations Coordinator
E0503,Finance Analyst,Senior Analyst,,
E0504,Marketing Assistant,Marketing Executive,Growth Hacker,Marketing Manager
E0505,Marketing Assistant,Marketing Executive,,
E0506,IT Support,Software Engineer,,
E0507,Finance Analyst,Senior Analyst,,
E0508,Sales Rep,Account Manager,Sales Lead,
E0509,Sales Rep,Account Manager,Sales Lead,Sales Director
E0510,HR Assistant,HR Specialist,HRBP,HR Analyst
E0511,HR Assistant,HR Specialist,HRBP,HR Analyst
E0512,Marketing Assistant,Marketing Executive,Growth Hacker,Marketing Manager
E0513,IT Support,Software Engineer,,
E0514,Finance Analyst,Senior Analyst,Finance Manager,
E0515,Marketing Assistant,Marketing Executive,Sales Rep,
E0516,Marketing Assistant,Marketing Executive,,
E0517,IT Support,Software Engineer,,
E0518,IT Support,Software Engineer,Senior Engineer,CTO
E0519,Marketing Assistant,Marketing Executive,Growth Hacker,
E0520,Sales Rep,Account Manager,Sales Lead,Sales Director
E0521,Finance Analyst,Senior Analyst,Finance Manager,
E0522,Sales Rep,Account Manager,Sales Lead,Sales Director
E0523,Marketing Assistant,Marketing Executive,,
E0524,IT Support,Software Engineer,,
E0525,Finance Analyst,Senior Analyst,Finance Manager,CFO
E0526,IT Support,Software Engineer,Senior Engineer,
E0527,Marketing Assistant,Marketing Executive,Growth Hacker,Marketing Manager
E0528,IT Support,Software Engineer,Marketing Assistant,Marketing Executive
E0529,HR Assistant,HR Specialist,HRBP,HR Analyst
E0530,Sales Rep,Account Manager,Sales Lead,
E0531,Marketing Assistant,Marketing Executive,Growth Hacker,Finance Analyst
E0532,Operations Assistant,Operations Coordinator,Finance Analyst,Senior Analyst
E0533,Finance Analyst,Senior Analyst,IT Support,Software Engineer
E0534,Finance Analyst,Senior Analyst,HR Assistant,HR Specialist
E0535,Marketing Assistant,Marketing Executive,,
E0536,Marketing Assistant,Marketing Executive,,
E0537,IT Support,Software Engineer,Senior Engineer,CTO
E0538,Marketing Assistant,Marketing Executive,Growth Hacker,
E0539,Marketing Assistant,Marketing Executive,Growth Hacker,
E0540,Marketing Assistant,Marketing Executive,Sales Rep,Account Manager
E0541,Marketing Assistant,Marketing Executive,,
E0542,Sales Rep,Account Manager,Sales Lead,Sales Director
E0543,Sales Rep,Account Manager,,
E0544,Sales Rep,Account Manager,Sales Lead,
E0545,HR Assistant,HR Specialist,HRBP,HR Analyst
E0546,Marketing Assistant,Marketing Executive,,
E0547,Marketing Assistant,Marketing Executive,Growth Hacker,IT Support
E0548,IT Support,Software Engineer,Senior Engineer,
E0549,IT Support,Software Engineer,Senior Engineer,Marketing Assistant
E0550,Sales Rep,Account Manager,Sales Lead,Sales Director
E0551,IT Support,Software Engineer,Senior Engineer,Finance Analyst
E0552,Marketing Assistant,Marketing Executive,Growth Hacker,Marketing Manager
E0553,HR Assistant,HR Specialist,HRBP,HR Analyst
E0554,Finance Analyst,Senior Analyst,Finance Manager,CFO
E0555,Sales Rep,Account Manager,Finance Analyst,Senior Analyst
E0556,HR Assistant,HR Specialist,,
E0557,Finance Analyst,Senior Analyst,Finance Manager,CFO
E0558,Operations Assistant,Operations Coordinator,Operations Manager,
E0559,IT Support,Software Engineer,Senior Engineer,
E0560,Marketing Assistant,Marketing Executive,,
E0561,Operations Assistant,Operations Coordinator,IT Support,Software Engineer
E0562,Operations Assistant,Operations Coordinator,,
E0563,IT Support,Software Engineer,Senior Engineer,
E0564,Marketing Assistant,Marketing Executive,Growth Hacker,Marketing Manager
E0565,IT Support,Software Engineer,Senior Engineer,HR Assistant
E0566,Operations Assistant,Operations Coordinator,Operations Manager,COO
E0567,Marketing Assistant,Marketing Executive,Growth Hacker,Marketing Manager
E0568,Finance Analyst,Senior Analyst,Finance Manager,
E0569,Operations Assistant,Operations Coordinator,Operations Manager,COO
E0570,Operations Assistant,Operations Coordinator,Operations Manager,
E0571,Sales Rep,Account Manager,Sales Lead,Sales Director
E0572,Operations Assistant,Operations Coordinator,,
E0573,Operations Assistant,Operations Coordinator,Operations Manager,
E0574,Marketing Assistant,Marketing Executive,Growth Hacker,Marketing Manager
E0575,HR Assistant,HR Specialist,IT Support,Software Engineer
E0576,IT Support,Software Engineer,Senior Engineer,CTO
E0577,IT Support,Software Engineer,Senior Engineer,CTO
E0578,IT Support,Software Engineer,Senior Engineer,
E0579,IT Support,Software Engineer,Senior Engineer,CTO
E0580,Sales Rep,Account Manager,Sales Lead,HR Assistant
E0581,Operations Assistant,Operations Coordinator,,
E0582,Operations Assistant,Operations Coordinator,Operations Manager,COO
E0583,Finance Analyst,Senior Analyst,,
E0584,HR Assistant,HR Specialist,,
E0585,Sales Rep,Account Manager,Sales Lead,Sales Director
E0586,Sales Rep,Account Manager,Sales Lead,Sales Director
E0587,HR Assistant,HR Specialist,IT Support,
E0588,Operations Assistant,Operations Coordinator,Operations Manager,
E0589,Finance Analyst,Senior Analyst,Finance Manager,CFO
E0590,Operations Assistant,Operations Coordinator,Finance Analyst,
E0591,HR Assistant,HR Specialist,HRBP,HR Analyst
E0592,IT Support,Software Engineer,Senior Engineer,
E0593,Marketing Assistant,Marketing Executive,Growth Hacker,
E0594,Finance Analyst,Senior Analyst,Finance Manager,CFO
E0595,Marketing Assistant,Marketing Executive,Growth Hacker,Marketing Manager
E0596,Operations Assistant,Operations Coordinator,Operations Manager,COO
E0597,Sales Rep,Account Manager,Sales Lead,Sales Director
E0598,Marketing Assistant,Marketing Executive,Growth Hacker,
E0599,Sales Rep,Account Manager,Sales Lead,Sales Director
E0600,HR Assistant,HR Specialist,HRBP,
E0601,Sales Rep,Account Manager,Sales Lead,HR Assistant
E0602,Marketing Assistant,Marketing Executive,,
E0603,Sales Rep,Account Manager,Sales Lead,Sales Director
E0604,Sales Rep,Account Manager,Sales Lead,Marketing Assistant
E0605,Marketing Assistant,Marketing Executive,,
E0606,Marketing Assistant,Marketing Executive,Growth Hacker,Operations Assistant
E0607,Sales Rep,Account Manager,Marketing Assistant,Marketing Executive
E0608,Finance Analyst,Senior Analyst,Finance Manager,IT Support
E0609,IT Support,Software Engineer,Senior Engineer,CTO
E0610,IT Support,Software Engineer,Senior Engineer,HR Assistant
E0611,Finance Analyst,Senior Analyst,Finance Manager,Marketing Assistant
E0612,IT Support,Software Engineer,Senior Engineer,CTO
E0613,Finance Analyst,Senior Analyst,Finance Manager,HR Assistant
E0614,Finance Analyst,Senior Analyst,IT Support,Software Engineer
E0615,Operations Assistant,Operations Coordinator,Finance Analyst,
E0616,Sales Rep,Account Manager,,
E0617,IT Support,Software Engineer,Senior Engineer,
E0618,Sales Rep,Account Manager,Sales Lead,Sales Director
E0619,IT Support,Software Engineer,,
E0620,Finance Analyst,Senior Analyst,Marketing Assistant,
E0621,Marketing Assistant,Marketing Executive,Growth Hacker,IT Support
E0622,HR Assistant,HR Specialist,,
E0623,Operations Assistant,Operations Coordinator,,
E0624,Sales Rep,Account Manager,,
E0625,HR Assistant,HR Specialist,,
E0626,HR Assistant,HR Specialist,HRBP,HR Analyst
E0627,Finance Analyst,Senior Analyst,Finance Manager,
E0628,IT Support,Software Engineer,Senior Engineer,HR Assistant
E0629,IT Support,Software Engineer,Senior Engineer,
E0630,Finance Analyst,Senior Analyst,Finance Manager,
E0631,Operations Assistant,Operations Coordinator,,
E0632,Finance Analyst,Senior Analyst,Finance Manager,CFO
E0633,HR Assistant,HR Specialist,,
E0634,Marketing Assistant,Marketing Executive,,
E0635,Finance Analyst,Senior Analyst,,
E0636,Marketing Assistant,Marketing Executive,Growth Hacker,Marketing Manager
E0637,Marketing Assistant,Marketing Executive,,
E0638,HR Assistant,HR Specialist,Finance Analyst,Senior Analyst
E0639,Operations Assistant,Operations Coordinator,Finance Analyst,
E0640,Finance Analyst,Senior Analyst,Finance Manager,Operations Assistant
E0641,Sales Rep,Account Manager,Sales Lead,Sales Director
E0642,Operations Assistant,Operations Coordinator,Operations Manager,
E0643,Finance Analyst,Senior Analyst,Finance Manager,
E0644,Sales Rep,Account Manager,Sales Lead,Sales Director
E0645,IT Support,Software Engineer,Senior Engineer,CTO
E0646,Finance Analyst,Senior Analyst,Finance Manager,CFO
E0647,IT Support,Software Engineer,Senior Engineer,
E0648,IT Support,Software Engineer,Senior Engineer,CTO
E0649,Marketing Assistant,Marketing Executive,Finance Analyst,Senior Analyst
E0650,IT Support,Software Engineer,Senior Engineer,
E0651,Sales Rep,Account Manager,,
E0652,Marketing Assistant,Marketing Executive,Growth Hacker,
E0653,HR Assistant,HR Specialist,HRBP,HR Analyst
E0654,Marketing Assistant,Marketing Executive,,
E0655,HR Assistant,HR Specialist,HRBP,HR Analyst
E0656,Sales Rep,Account Manager,,
E0657,Sales Rep,Account Manager,Sales Lead,Sales Director
E0658,IT Support,Software Engineer,Senior Engineer,
E0659,IT Support,Software Engineer,HR Assistant,
E0660,Finance Analyst,Senior Analyst,,
E0661,Finance Analyst,Senior Analyst,,
E0662,HR Assistant,HR Specialist,,
E0663,Sales Rep,Account Manager,Sales Lead,Sales Director
E0664,Marketing Assistant,Marketing Executive,Growth Hacker,Marketing Manager
E0665,HR Assistant,HR Specialist,HRBP,Finance Analyst
E0666,Finance Analyst,Senior Analyst,Finance Manager,CFO
E0667,HR Assistant,HR Specialist,HRBP,
E0668,HR Assistant,HR Specialist,HRBP,
E0669,Sales Rep,Account Manager,Sales Lead,
E0670,HR Assistant,HR Specialist,HRBP,HR Analyst
E0671,HR Assistant,HR Specialist,HRBP,HR Analyst
E0672,IT Support,Software Engineer,,
E0673,Marketing Assistant,Marketing Executive,Finance Analyst,Senior Analyst
E0674,Finance Analyst,Senior Analyst,,
E0675,Finance Analyst,Senior Analyst,Finance Manager,CFO
E0676,Finance Analyst,Senior Analyst,Finance Manager,CFO
E0677,Sales Rep,Account Manager,Sales Lead,Sales Director
E0678,Operations Assistant,Operations Coordinator,Operations Manager,COO
E0679,Sales Rep,Account Manager,Sales Lead,Sales Director
E0680,HR Assistant,HR Specialist,,
E0681,Marketing Assistant,Marketing Executive,Growth Hacker,
E0682,Operations Assistant,Operations Coordinator,,
E0683,Marketing Assistant,Marketing Executive,Growth Hacker,
E0684,IT Support,Software Engineer,Senior Engineer,CTO
E0685,IT Support,Software Engineer,Senior Engineer,
E0686,Operations Assistant,Operations Coordinator,Operations Manager,
E0687,IT Support,Software Engineer,Senior Engineer,CTO
E0688,Marketing Assistant,Marketing Executive,,
E0689,Marketing Assistant,Marketing Executive,Growth Hacker,Marketing Manager
E0690,Sales Rep,Account Manager,Sales Lead,
E0691,HR Assistant,HR Specialist,HRBP,HR Analyst
E0692,IT Support,Software Engineer,Senior Engineer,CTO
E0693,Finance Analyst,Senior Analyst,Finance Manager,IT Support
E0694,IT Support,Software Engineer,,
E0695,Operations Assistant,Operations Coordinator,Operations Manager,
E0696,Marketing Assistant,Marketing Executive,Growth Hacker,Marketing Manager
E0697,Marketing Assistant,Marketing Executive,Sales Rep,Account Manager
E0698,Finance Analyst,Senior Analyst,Operations Assistant,
E0699,Finance Analyst,Senior Analyst,Finance Manager,
E0700,HR Assistant,HR Specialist,HRBP,HR Analyst
E0701,Finance Analyst,Senior Analyst,Finance Manager,CFO
E0702,IT Support,Software Engineer,Senior Engineer,Operations Assistant
E0703,Marketing Assistant,Marketing Executive,Growth Hacker,Marketing Manager
E0704,Operations Assistant,Operations Coordinator,Operations Manager,COO
E0705,HR Assistant,HR Specialist,HRBP,
E0706,Sales Rep,Account Manager,Sales Lead,
E0707,HR Assistant,HR Specialist,,
E0708,Marketing Assistant,Marketing Executive,,
E0709,Operations Assistant,Operations Coordinator,Operations Manager,Marketing Assistant
E0710,IT Support,Software Engineer,Senior Engineer,CTO
E0711,IT Support,Software Engineer,Senior Engineer,CTO
E0712,Finance Analyst,Senior Analyst,,
E0713,Sales Rep,Account Manager,Sales Lead,
E0714,Marketing Assistant,Marketing Executive,Growth Hacker,Marketing Manager
E0715,Sales Rep,Account Manager,Sales Lead,
E0716,Finance Analyst,Senior Analyst,,
E0717,Sales Rep,Account Manager,Sales Lead,Sales Director
E0718,Marketing Assistant,Marketing Executive,Growth Hacker,Sales Rep
E0719,Operations Assistant,Operations Coordinator,,
E0720,Sales Rep,Account Manager,Sales Lead,Sales Director
E0721,Sales Rep,Account Manager,Sales Lead,Sales Director
E0722,Marketing Assistant,Marketing Executive,Growth Hacker,Marketing Manager
E0723,Marketing Assistant,Marketing Executive,IT Support,Software Engineer
E0724,IT Support,Software Engineer,Senior Engineer,CTO
E0725,HR Assistant,HR Specialist,,
E0726,Sales Rep,Account Manager,Sales Lead,
E0727,IT Support,Software Engineer,Senior Engineer,
E0728,HR Assistant,HR Specialist,HRBP,Sales Rep
E0729,Marketing Assistant,Marketing Executive,,
E0730,Finance Analyst,Senior Analyst,,
E0731,Finance Analyst,Senior Analyst,Finance Manager,CFO
E0732,HR Assistant,HR Specialist,HRBP,HR Analyst
E0733,Marketing Assistant,Marketing Executive,,
E0734,IT Support,Software Engineer,,
E0735,HR Assistant,HR Specialist,HRBP,
E0736,HR Assistant,HR Specialist,HRBP,Operations Assistant
E0737,Finance Analyst,Senior Analyst,Finance Manager,CFO
E0738,IT Support,Software Engineer,Senior Engineer,CTO
E0739,Operations Assistant,Operations Coordinator,,
E0740,Operations Assistant,Operations Coordinator,,
E0741,Operations Assistant,Operations Coordinator,Operations Manager,COO
E0742,Finance Analyst,Senior Analyst,Operations Assistant,Operations Coordinator
E0743,HR Assistant,HR Specialist,HRBP,
E0744,HR Assistant,HR Specialist,,
E0745,IT Support,Software Engineer,Senior Engineer,CTO
E0746,Operations Assistant,Operations Coordinator,Operations Manager,
E0747,HR Assistant,HR Specialist,HRBP,
E0748,Operations Assistant,Operations Coordinator,Operations Manager,Sales Rep
E0749,IT Support,Software Engineer,Senior Engineer,
E0750,Marketing Assistant,Marketing Executive,Operations Assistant,Operations Coordinator
E0751,Marketing Assistant,Marketing Executive,Growth Hacker,Marketing Manager
E0752,Finance Analyst,Senior Analyst,Finance Manager,CFO
E0753,Sales Rep,Account Manager,Sales Lead,
E0754,HR Assistant,HR Specialist,HRBP,
E0755,IT Support,Software Engineer,Senior Engineer,CTO
E0756,Marketing Assistant,Marketing Executive,Growth Hacker,
E0757,Operations Assistant,Operations Coordinator,Operations Manager,
E0758,HR Assistant,HR Specialist,HRBP,HR Analyst
E0759,Finance Analyst,Senior Analyst,,
E0760,Sales Rep,Account Manager,Sales Lead,Sales Director
E0761,Operations Assistant,Operations Coordinator,Operations Manager,
E0762,Operations Assistant,Operations Coordinator,Operations Manager,COO
E0763,Operations Assistant,Operations Coordinator,,
E0764,Marketing Assistant,Marketing Executive,,
E0765,IT Support,Software Engineer,Senior Engineer,CTO
E0766,Marketing Assistant,Marketing Executive,Finance Analyst,
E0767,Finance Analyst,Senior Analyst,Finance Manager,
E0768,Marketing Assistant,Marketing Executive,,
E0769,Finance Analyst,Senior Analyst,Finance Manager,CFO
E0770,Finance Analyst,Senior Analyst,Finance Manager,Operations Assistant
E0771,Finance Analyst,Senior Analyst,Finance Manager,
E0772,Finance Analyst,Senior Analyst,Finance Manager,CFO
E0773,IT Support,Software Engineer,Senior Engineer,
E0774,IT Support,Software Engineer,Senior Engineer,
E0775,Operations Assistant,Operations Coordinator,Operations Manager,COO
E0776,Finance Analyst,Senior Analyst,HR Assistant,HR Specialist
E0777,Marketing Assistant,Marketing Executive,Growth Hacker,Marketing Manager
E0778,Marketing Assistant,Marketing Executive,HR Assistant,HR Specialist
E0779,HR Assistant,HR Specialist,HRBP,HR Analyst
E0780,Finance Analyst,Senior Analyst,Finance Manager,CFO
E0781,Sales Rep,Account Manager,Sales Lead,Sales Director
E0782,Finance Analyst,Senior Analyst,Finance Manager,
E0783,Finance Analyst,Senior Analyst,HR Assistant,HR Specialist
E0784,HR Assistant,HR Specialist,HRBP,
E0785,Finance Analyst,Senior Analyst,Finance Manager,CFO
E0786,Finance Analyst,Senior Analyst,Marketing Assistant,Marketing Executive
E0787,Operations Assistant,Operations Coordinator,Operations Manager,
E0788,Finance Analyst,Senior Analyst,Finance Manager,
E0789,HR Assistant,HR Specialist,HRBP,HR Analyst
E0790,Sales Rep,Account Manager,Sales Lead,Sales Director
E0791,Marketing Assistant,Marketing Executive,Growth Hacker,Marketing Manager
E0792,Marketing Assistant,Marketing Executive,Growth Hacker,Marketing Manager
E0793,Operations Assistant,Operations Coordinator,,
E0794,Sales Rep,Account Manager,Sales Lead,
E0795,HR Assistant,HR Specialist,,
E0796,Sales Rep,Account Manager,Sales Lead,Sales Director
E0797,Sales Rep,Account Manager,Sales Lead,Sales Director
E0798,HR Assistant,HR Specialist,Marketing Assistant,Marketing Executive
E0799,IT Support,Software Engineer,Senior Engineer,Sales Rep
E0800,Operations Assistant,Operations Coordinator,Operations Manager,COO
E0801,Sales Rep,Account Manager,Sales Lead,Sales Director
E0802,Operations Assistant,Operations Coordinator,Operations Manager,COO
E0803,Marketing Assistant,Marketing Executive,Growth Hacker,Marketing Manager
E0804,Sales Rep,Account Manager,Sales Lead,
E0805,HR Assistant,HR Specialist,,
E0806,Operations Assistant,Operations Coordinator,,
E0807,HR Assistant,HR Specialist,HRBP,
E0808,Operations Assistant,Operations Coordinator,Operations Manager,COO
E0809,Operations Assistant,Operations Coordinator,Operations Manager,COO
E0810,HR Assistant,HR Specialist,HRBP,HR Analyst
E0811,IT Support,Software Engineer,,
E0812,Sales Rep,Account Manager,Sales Lead,Sales Director
E0813,Marketing Assistant,Marketing Executive,Growth Hacker,Marketing Manager
E0814,Sales Rep,Account Manager,Sales Lead,Sales Director
E0815,Finance Analyst,Senior Analyst,Finance Manager,
E0816,Operations Assistant,Operations Coordinator,Finance Analyst,
E0817,Operations Assistant,Operations Coordinator,,
E0818,IT Support,Software Engineer,Senior Engineer,CTO
E0819,Sales Rep,Account Manager,Sales Lead,
E0820,HR Assistant,HR Specialist,,
E0821,HR Assistant,HR Specialist,HRBP,HR Analyst
E0822,HR Assistant,HR Specialist,HRBP,
E0823,Sales Rep,Account Manager,Sales Lead,Sales Director
E0824,Marketing Assistant,Marketing Executive,Growth Hacker,Operations Assistant
E0825,Sales Rep,Account Manager,Sales Lead,
E0826,Marketing Assistant,Marketing Executive,Growth Hacker,Marketing Manager
E0827,Marketing Assistant,Marketing Executive,Growth Hacker,
E0828,Marketing Assistant,Marketing Executive,Finance Analyst,
E0829,Operations Assistant,Operations Coordinator,Operations Manager,HR Assistant
E0830,IT Support,Software Engineer,Marketing Assistant,
E0831,Finance Analyst,Senior Analyst,Finance Manager,CFO
E0832,Operations Assistant,Operations Coordinator,Operations Manager,COO
E0833,Marketing Assistant,Marketing Executive,Growth Hacker,Marketing Manager
E0834,Sales Rep,Account Manager,Sales Lead,Sales Director
E0835,HR Assistant,HR Specialist,,
E0836,IT Support,Software Engineer,Senior Engineer,
E0837,HR Assistant,HR Specialist,HRBP,
E0838,HR Assistant,HR Specialist,HRBP,
E0839,HR Assistant,HR Specialist,HRBP,HR Analyst
E0840,IT Support,Software Engineer,Senior Engineer,CTO
E0841,Finance Analyst,Senior Analyst,Finance Manager,CFO
E0842,HR Assistant,HR Specialist,,
E0843,Operations Assistant,Operations Coordinator,Operations Manager,COO
E0844,Sales Rep,Account Manager,Sales Lead,Sales Director
E0845,Operations Assistant,Operations Coordinator,Operations Manager,
E0846,IT Support,Software Engineer,Senior Engineer,
E0847,Marketing Assistant,Marketing Executive,Growth Hacker,
E0848,Marketing Assistant,Marketing Executive,Growth Hacker,Marketing Manager
E0849,Operations Assistant,Operations Coordinator,Operations Manager,COO
E0850,Finance Analyst,Senior Analyst,Finance Manager,CFO
E0851,IT Support,Software Engineer,HR Assistant,HR Specialist
E0852,Operations Assistant,Operations Coordinator,,
E0853,Finance Analyst,Senior Analyst,Finance Manager,CFO
E0854,Sales Rep,Account Manager,,
E0855,Marketing Assistant,Marketing Executive,Growth Hacker,Marketing Manager
E0856,Operations Assistant,Operations Coordinator,,
E0857,IT Support,Software Engineer,,
E0858,Marketing Assistant,Marketing Executive,Growth Hacker,Marketing Manager
E0859,HR Assistant,HR Specialist,,
E0860,IT Support,Software Engineer,Senior Engineer,
E0861,Marketing Assistant,Marketing Executive,,
E0862,Finance Analyst,Senior Analyst,Finance Manager,
E0863,Operations Assistant,Operations Coordinator,Operations Manager,
E0864,HR Assistant,HR Specialist,HRBP,HR Analyst
E0865,Finance Analyst,Senior Analyst,Finance Manager,CFO
E0866,Marketing Assistant,Marketing Executive,Growth Hacker,
E0867,Sales Rep,Account Manager,Sales Lead,Sales Director
E0868,Marketing Assistant,Marketing Executive,Growth Hacker,
E0869,Operations Assistant,Operations Coordinator,Operations Manager,
E0870,HR Assistant,HR Specialist,,
E0871,IT Support,Software Engineer,Senior Engineer,Finance Analyst
E0872,HR Assistant,HR Specialist,HRBP,
E0873,Operations Assistant,Operations Coordinator,Operations Manager,COO
E0874,Marketing Assistant,Marketing Executive,Growth Hacker,Marketing Manager
E0875,Marketing Assistant,Marketing Executive,,
E0876,IT Support,Software Engineer,Senior Engineer,CTO
E0877,Operations Assistant,Operations Coordinator,HR Assistant,HR Specialist
E0878,Finance Analyst,Senior Analyst,Finance Manager,
E0879,IT Support,Software Engineer,,
E0880,Finance Analyst,Senior Analyst,,
E0881,HR Assistant,HR Specialist,,
E0882,Sales Rep,Account Manager,Sales Lead,Sales Director
E0883,Sales Rep,Account Manager,Sales Lead,Sales Director
E0884,IT Support,Software Engineer,Senior Engineer,
E0885,Marketing Assistant,Marketing Executive,Growth Hacker,
E0886,Finance Analyst,Senior Analyst,,
E0887,Marketing Assistant,Marketing Executive,Growth Hacker,Marketing Manager
E0888,Finance Analyst,Senior Analyst,Finance Manager,CFO
E0889,Sales Rep,Account Manager,Sales Lead,Sales Director
E0890,HR Assistant,HR Specialist,,
E0891,HR Assistant,HR Specialist,HRBP,HR Analyst
E0892,HR Assistant,HR Specialist,HRBP,
E0893,HR Assistant,HR Specialist,,
E0894,Operations Assistant,Operations Coordinator,Operations Manager,COO
E0895,Marketing Assistant,Marketing Executive,Growth Hacker,
E0896,Finance Analyst,Senior Analyst,Finance Manager,Sales Rep
E0897,Marketing Assistant,Marketing Executive,Growth Hacker,
E0898,Operations Assistant,Operations Coordinator,Finance Analyst,Senior Analyst
E0899,HR Assistant,HR Specialist,,
E0900,Marketing Assistant,Marketing Executive,Growth Hacker,Marketing Manager
E0901,Marketing Assistant,Marketing Executive,Growth Hacker,
E0902,IT Support,Software Engineer,,
E0903,IT Support,Software Engineer,Senior Engineer,CTO
E0904,HR Assistant,HR Specialist,HRBP,
E0905,IT Support,Software Engineer,Senior Engineer,CTO
E0906,Finance Analyst,Senior Analyst,,
E0907,Operations Assistant,Operations Coordinator,HR Assistant,
E0908,Sales Rep,Account Manager,Sales Lead,Operations Assistant
E0909,Marketing Assistant,Marketing Executive,Growth Hacker,
E0910,Finance Analyst,Senior Analyst,Finance Manager,CFO
E0911,Marketing Assistant,Marketing Executive,,
E0912,Sales Rep,Account Manager,Sales Lead,Sales Director
E0913,Operations Assistant,Operations Coordinator,Operations Manager,IT Support
E0914,Sales Rep,Account Manager,,
E0915,Finance Analyst,Senior Analyst,Finance Manager,CFO
E0916,IT Support,Software Engineer,Senior Engineer,Sales Rep
E0917,Sales Rep,Account Manager,Sales Lead,Marketing Assistant
E0918,IT Support,Software Engineer,Senior Engineer,
E0919,Finance Analyst,Senior Analyst,Finance Manager,
E0920,Marketing Assistant,Marketing Executive,Growth Hacker,Marketing Manager
E0921,HR Assistant,HR Specialist,HRBP,
E0922,HR Assistant,HR Specialist,HRBP,
E0923,HR Assistant,HR Specialist,HRBP,
E0924,Sales Rep,Account Manager,Sales Lead,Sales Director
E0925,Marketing Assistant,Marketing Executive,,
E0926,Sales Rep,Account Manager,Sales Lead,Finance Analyst
E0927,Sales Rep,Account Manager,Sales Lead,Sales Director
E0928,Marketing Assistant,Marketing Executive,Growth Hacker,Marketing Manager
E0929,Operations Assistant,Operations Coordinator,Operations Manager,COO
E0930,Operations Assistant,Operations Coordinator,Operations Manager,COO
E0931,HR Assistant,HR Specialist,HRBP,HR Analyst
E0932,IT Support,Software Engineer,Senior Engineer,CTO
E0933,Sales Rep,Account Manager,,
E0934,Sales Rep,Account Manager,,
E0935,Operations Assistant,Operations Coordinator,Operations Manager,COO
E0936,Sales Rep,Account Manager,Sales Lead,
E0937,Operations Assistant,Operations Coordinator,Finance Analyst,
E0938,Finance Analyst,Senior Analyst,Finance Manager,CFO
E0939,Marketing Assistant,Marketing Executive,Growth Hacker,
E0940,Marketing Assistant,Marketing Executive,Growth Hacker,IT Support
E0941,Marketing Assistant,Marketing Executive,Growth Hacker,Marketing Manager
E0942,Sales Rep,Account Manager,Sales Lead,Sales Director
E0943,IT Support,Software Engineer,,
E0944,Marketing Assistant,Marketing Executive,Growth Hacker,Marketing Manager
E0945,Finance Analyst,Senior Analyst,Finance Manager,Operations Assistant
E0946,HR Assistant,HR Specialist,HRBP,HR Analyst
E0947,IT Support,Software Engineer,,
E0948,HR Assistant,HR Specialist,,
E0949,Marketing Assistant,Marketing Executive,Growth Hacker,
E0950,Operations Assistant,Operations Coordinator,Operations Manager,
E0951,Sales Rep,Account Manager,Sales Lead,Sales Director
E0952,Finance Analyst,Senior Analyst,Finance Manager,Operations Assistant
E0953,IT Support,Software Engineer,Senior Engineer,Finance Analyst
E0954,HR Assistant,HR Specialist,,
E0955,Finance Analyst,Senior Analyst,Finance Manager,CFO
E0956,Operations Assistant,Operations Coordinator,Operations Manager,
E0957,Finance Analyst,Senior Analyst,Marketing Assistant,Marketing Executive
E0958,Operations Assistant,Operations Coordinator,Operations Manager,COO
E0959,Marketing Assistant,Marketing Executive,,
E0960,Sales Rep,Account Manager,Sales Lead,Sales Director
E0961,Sales Rep,Account Manager,Sales Lead,Marketing Assistant
E0962,Marketing Assistant,Marketing Executive,Growth Hacker,
E0963,Finance Analyst,Senior Analyst,Finance Manager,CFO
E0964,Sales Rep,Account Manager,Sales Lead,Sales Director
E0965,HR Assistant,HR Specialist,,
E0966,Operations Assistant,Operations Coordinator,Operations Manager,Sales Rep
E0967,Finance Analyst,Senior Analyst,Finance Manager,CFO
E0968,IT Support,Software Engineer,Senior Engineer,
E0969,Marketing Assistant,Marketing Executive,Growth Hacker,Marketing Manager
E0970,Sales Rep,Account Manager,Sales Lead,Sales Director
E0971,Operations Assistant,Operations Coordinator,,
E0972,Marketing Assistant,Marketing Executive,Growth Hacker,Marketing Manager
E0973,HR Assistant,HR Specialist,HRBP,
E0974,HR Assistant,HR Specialist,HRBP,
E0975,Sales Rep,Account Manager,Sales Lead,Sales Director
E0976,Sales Rep,Account Manager,Sales Lead,
E0977,IT Support,Software Engineer,Senior Engineer,Operations Assistant
E0978,Operations Assistant,Operations Coordinator,Operations Manager,COO
E0979,Operations Assistant,Operations Coordinator,Operations Manager,
E0980,Marketing Assistant,Marketing Executive,,
E0981,IT Support,Software Engineer,Senior Engineer,CTO
E0982,IT Support,Software Engineer,Senior Engineer,Operations Assistant
E0983,IT Support,Software Engineer,Senior Engineer,Sales Rep
E0984,IT Support,Software Engineer,,
E0985,Marketing Assistant,Marketing Executive,,
E0986,Operations Assistant,Operations Coordinator,,
E0987,IT Support,Software Engineer,Finance Analyst,Senior Analyst
E0988,Finance Analyst,Senior Analyst,Finance Manager,CFO
E0989,IT Support,Software Engineer,,
E0990,Marketing Assistant,Marketing Executive,,
E0991,Sales Rep,Account Manager,Sales Lead,Marketing Assistant
E0992,Finance Analyst,Senior Analyst,Finance Manager,CFO
E0993,IT Support,Software Engineer,,
E0994,HR Assistant,HR Specialist,Marketing Assistant,Marketing Executive
E0995,IT Support,Software Engineer,Senior Engineer,
E0996,Marketing Assistant,Marketing Executive,,
E0997,Operations Assistant,Operations Coordinator,Operations Manager,
E0998,Finance Analyst,Senior Analyst,Finance Manager,CFO
E0999,HR Assistant,HR Specialist,HRBP,
E1000,Sales Rep,Account Manager,Sales Lead,
